,영화명,개봉일,개봉일2,개봉일7일전,개봉일7일전2,개봉일1일전,개봉일1일전2,개봉전뉴스
0,명량,2014-07-30,2014.07.30,2014-07-23,2014.07.23,2014-07-29,2014.07.29,793
1,해적: 바다로 간 산적,2014-08-06,2014.08.06,2014-07-30,2014.07.30,2014-08-05,2014.08.05,567
2,수상한 그녀,2014-01-22,2014.01.22,2014-01-15,2014.01.15,2014-01-21,2014.01.21,484
3,국제시장,2014-12-17,2014.12.17,2014-12-10,2014.12.10,2014-12-16,2014.12.16," 1,659"
4,군도: 민란의 시대,2014-07-23,2014.07.23,2014-07-16,2014.07.16,2014-07-22,2014.07.22, 576
5,타짜-신의 손,2014-09-03,2014.09.03,2014-08-27,2014.08.27,2014-09-02,2014.09.02," 1,108"
6,역린,2014-04-30,2014.04.30,2014-04-23,2014.04.23,2014-04-29,2014.04.29, 413
7,신의 한 수,2014-07-03,2014.07.03,2014-06-26,2014.06.26,2014-07-02,2014.07.02," 2,283"
8,끝까지 간다,2014-05-29,2014.05.29,2014-05-22,2014.05.22,2014-05-28,2014.05.28," 1,224"
9,표적,2014-04-30,2014.04.30,2014-04-23,2014.04.23,2014-04-29,2014.04.29, 429
10,나의 사랑 나의 신부,2014-10-08,2014.10.08,2014-10-01,2014.10.01,2014-10-07,2014.10.07," 1,262"
11,남자가 사랑할 때,2014-01-22,2014.01.22,2014-01-15,2014.01.15,2014-01-21,2014.01.21, 814
12,기술자들,2014-12-24,2014.12.24,2014-12-17,2014.12.17,2014-12-23,2014.12.23, 935
13,제보자,2014-10-02,2014.10.02,2014-09-25,2014.09.25,2014-10-01,2014.10.01, 369
14,피끓는 청춘,2014-01-22,2014.01.22,2014-01-15,2014.01.15,2014-01-21,2014.01.21," 1,556"
15,두근두근 내 인생,2014-09-03,2014.09.03,2014-08-27,2014.08.27,2014-09-02,2014.09.02," 1,123"
16,우아한 거짓말,2014-03-13,2014.03.13,2014-03-06,2014.03.06,2014-03-12,2014.03.12, 346
17,해무(海霧),2014-08-13,2014.08.13,2014-08-06,2014.08.06,2014-08-12,2014.08.12, 7
18,인간중독,2014-05-14,2014.05.14,2014-05-07,2014.05.07,2014-05-13,2014.05.13," 4,097"
19,찌라시: 위험한 소문,2014-02-20,2014.02.20,2014-02-13,2014.02.13,2014-02-19,2014.02.19," 1,121"
20,빅매치,2014-11-27,2014.11.27,2014-11-20,2014.11.20,2014-11-26,2014.11.26," 2,389"
21,슬로우 비디오,2014-10-02,2014.10.02,2014-09-25,2014.09.25,2014-10-01,2014.10.01, 437
22,방황하는 칼날,2014-04-10,2014.04.10,2014-04-03,2014.04.03,2014-04-09,2014.04.09, 222
23,우리는 형제입니다,2014-10-23,2014.10.23,2014-10-16,2014.10.16,2014-10-22,2014.10.22, 546
24,카트,2014-11-13,2014.11.13,2014-11-06,2014.11.06,2014-11-12,2014.11.12, 520
25,관능의 법칙,2014-02-13,2014.02.13,2014-02-06,2014.02.06,2014-02-12,2014.02.12, 733
26,상의원,2014-12-24,2014.12.24,2014-12-17,2014.12.17,2014-12-23,2014.12.23, 595
27,플랜맨,2014-01-09,2014.01.09,2014-01-02,2014.01.02,2014-01-08,2014.01.08, 967
28,우는 남자,2014-06-04,2014.06.04,2014-05-28,2014.05.28,2014-06-03,2014.06.03," 1,975"
29,패션왕,2014-11-06,2014.11.06,2014-10-30,2014.10.30,2014-11-05,2014.11.05," 2,184"
30,황제를 위하여,2014-06-11,2014.06.11,2014-06-04,2014.06.04,2014-06-10,2014.06.10, 979
31,몬스터,2014-03-13,2014.03.13,2014-03-06,2014.03.06,2014-03-12,2014.03.12," 1,409"
32,또 하나의 약속,2014-02-06,2014.02.06,2014-01-30,2014.01.30,2014-02-05,2014.02.05, 425
33,소녀괴담,2014-07-02,2014.07.02,2014-06-25,2014.06.25,2014-07-01,2014.07.01, 213
34,조선미녀삼총사,2014-01-29,2014.01.29,2014-01-22,2014.01.22,2014-01-28,2014.01.28," 1,307"
35,마담 뺑덕,2014-10-02,2014.10.02,2014-09-25,2014.09.25,2014-10-01,2014.10.01," 1,171"
36,좋은 친구들,2014-07-10,2014.07.10,2014-07-03,2014.07.03,2014-07-09,2014.07.09, 628
37,나의 독재자,2014-10-30,2014.10.30,2014-10-23,2014.10.23,2014-10-29,2014.10.29, 278
38,하이힐,2014-06-03,2014.06.03,2014-05-27,2014.05.27,2014-06-02,2014.06.02," 2,840"
39,레드카펫,2014-10-23,2014.10.23,2014-10-16,2014.10.16,2014-10-22,2014.10.22," 2,567"
40,덕수리 5형제,2014-12-04,2014.12.04,2014-11-27,2014.11.27,2014-12-03,2014.12.03," 2,004"
41,아빠를 빌려드립니다,2014-11-20,2014.11.20,2014-11-13,2014.11.13,2014-11-19,2014.11.19," 1,424"
42,가시,2014-04-10,2014.04.10,2014-04-03,2014.04.03,2014-04-09,2014.04.09, 239
43,맨홀,2014-10-08,2014.10.08,2014-10-01,2014.10.01,2014-10-07,2014.10.07, 94
44,터널 3D,2014-08-20,2014.08.20,2014-08-13,2014.08.13,2014-08-19,2014.08.19, 429
45,설계,2014-09-18,2014.09.18,2014-09-11,2014.09.11,2014-09-17,2014.09.17, 367
46,백프로,2014-04-03,2014.04.03,2014-03-27,2014.03.27,2014-04-02,2014.04.02, 712
47,베테랑,2015-08-05,2015.08.05,2015-07-29,2015.07.29,2015-08-04,2015.08.04," 1,763"
48,암살,2015-07-22,2015.07.22,2015-07-15,2015.07.15,2015-07-21,2015.07.21," 2,459"
49,내부자들,2015-11-19,2015.11.19,2015-11-12,2015.11.12,2015-11-18,2015.11.18," 1,659"
50,사도,2015-09-16,2015.09.16,2015-09-09,2015.09.09,2015-09-15,2015.09.15, 988
51,연평해전,2015-06-24,2015.06.24,2015-06-17,2015.06.17,2015-06-23,2015.06.23," 1,506"
52,검은 사제들,2015-11-05,2015.11.05,2015-10-29,2015.10.29,2015-11-04,2015.11.04," 1,964"
53,히말라야,2015-12-16,2015.12.16,2015-12-09,2015.12.09,2015-12-15,2015.12.15," 2,220"
54,조선명탐정 : 사라진 놉의 딸,2015-02-11,2015.02.11,2015-02-04,2015.02.04,2015-02-10,2015.02.10," 1,065"
55,스물,2015-03-25,2015.03.25,2015-03-18,2015.03.18,2015-03-24,2015.03.24," 2,144"
56,극비수사,2015-06-18,2015.06.18,2015-06-11,2015.06.11,2015-06-17,2015.06.17," 1,380"
57,탐정 : 더 비기닝,2015-09-24,2015.09.24,2015-09-17,2015.09.17,2015-09-23,2015.09.23, 297
58,악의 연대기,2015-05-14,2015.05.14,2015-05-07,2015.05.07,2015-05-13,2015.05.13," 1,697"
59,강남 1970,2015-01-21,2015.01.21,2015-01-14,2015.01.14,2015-01-20,2015.01.20," 2,984"
60,뷰티 인사이드,2015-08-20,2015.08.20,2015-08-13,2015.08.13,2015-08-19,2015.08.19, 674
61,오늘의 연애,2015-01-14,2015.01.14,2015-01-07,2015.01.07,2015-01-13,2015.01.13," 2,476"
62,쎄시봉,2015-02-05,2015.02.05,2015-01-29,2015.01.29,2015-02-04,2015.02.04," 1,986"
63,더 폰,2015-10-22,2015.10.22,2015-10-15,2015.10.15,2015-10-21,2015.10.21," 1,110"
64,대호,2015-12-16,2015.12.16,2015-12-09,2015.12.09,2015-12-15,2015.12.15, 842
65,차이나타운,2015-04-29,2015.04.29,2015-04-22,2015.04.22,2015-04-28,2015.04.28," 1,739"
66,장수상회,2015-04-09,2015.04.09,2015-04-02,2015.04.02,2015-04-08,2015.04.08, 610
67,성난 변호사,2015-10-08,2015.10.08,2015-10-01,2015.10.01,2015-10-07,2015.10.07, 601
68,간신,2015-05-21,2015.05.21,2015-05-14,2015.05.14,2015-05-20,2015.05.20," 1,307"
69,그놈이다,2015-10-28,2015.10.28,2015-10-21,2015.10.21,2015-10-27,2015.10.27," 1,118"
70,미쓰 와이프,2015-08-13,2015.08.13,2015-08-06,2015.08.06,2015-08-12,2015.08.12, 698
71,허삼관,2015-01-14,2015.01.14,2015-01-07,2015.01.07,2015-01-13,2015.01.13," 2,969"
72,살인의뢰,2015-03-12,2015.03.12,2015-03-05,2015.03.05,2015-03-11,2015.03.11, 626
73,손님,2015-07-09,2015.07.09,2015-07-02,2015.07.02,2015-07-08,2015.07.08," 2,519"
74,열정같은소리하고있네,2015-11-25,2015.11.25,2015-11-18,2015.11.18,2015-11-24,2015.11.24," 1,370"
75,특종: 량첸살인기,2015-10-22,2015.10.22,2015-10-15,2015.10.15,2015-10-21,2015.10.21, 880
76,서부전선,2015-09-24,2015.09.24,2015-09-17,2015.09.17,2015-09-23,2015.09.23," 1,257"
77,헬머니,2015-03-05,2015.03.05,2015-02-26,2015.02.26,2015-03-04,2015.03.04," 1,010"
78,위험한 상견례 2,2015-04-29,2015.04.29,2015-04-22,2015.04.22,2015-04-28,2015.04.28," 2,110"
79,순수의 시대,2015-03-05,2015.03.05,2015-02-26,2015.02.26,2015-03-04,2015.03.04," 1,761"
80,오피스,2015-09-03,2015.09.03,2015-08-27,2015.08.27,2015-09-02,2015.09.02," 1,155"
81,"협녀, 칼의 기억",2015-08-13,2015.08.13,2015-08-06,2015.08.06,2015-08-12,2015.08.12," 1,496"
82,무뢰한,2015-05-27,2015.05.27,2015-05-20,2015.05.20,2015-05-26,2015.05.26," 1,682"
83,내 심장을 쏴라,2015-01-28,2015.01.28,2015-01-21,2015.01.21,2015-01-27,2015.01.27," 1,148"
84,소수의견,2015-06-24,2015.06.24,2015-06-17,2015.06.17,2015-06-23,2015.06.23," 1,662"
85,경성학교: 사라진 소녀들,2015-06-18,2015.06.18,2015-06-11,2015.06.11,2015-06-17,2015.06.17, 917
86,치외법권,2015-08-27,2015.08.27,2015-08-20,2015.08.20,2015-08-26,2015.08.26, 494
87,극적인 하룻밤,2015-12-03,2015.12.03,2015-11-26,2015.11.26,2015-12-02,2015.12.02, 807
88,도리화가,2015-11-25,2015.11.25,2015-11-18,2015.11.18,2015-11-24,2015.11.24," 3,521"
89,함정,2015-09-10,2015.09.10,2015-09-03,2015.09.03,2015-09-09,2015.09.09, 345
90,조선마술사,2015-12-30,2015.12.30,2015-12-23,2015.12.23,2015-12-29,2015.12.29," 2,211"
91,연애의 맛,2015-05-07,2015.05.07,2015-04-30,2015.04.30,2015-05-06,2015.05.06," 1,529"
92,내부자들: 디 오리지널,2015-12-31,2015.12.31,2015-12-24,2015.12.24,2015-12-30,2015.12.30, 434
93,은밀한 유혹,2015-06-04,2015.06.04,2015-05-28,2015.05.28,2015-06-03,2015.06.03," 1,954"
94,나의 절친 악당들,2015-06-25,2015.06.25,2015-06-18,2015.06.18,2015-06-24,2015.06.24, 704
95,퇴마: 무녀굴,2015-08-20,2015.08.20,2015-08-13,2015.08.13,2015-08-19,2015.08.19," 1,415"
96,돌연변이,2015-10-22,2015.10.22,2015-10-15,2015.10.15,2015-10-21,2015.10.21," 1,051"
97,쓰리 썸머 나잇,2015-07-15,2015.07.15,2015-07-08,2015.07.08,2015-07-14,2015.07.14," 1,480"
98,미안해 사랑해 고마워,2015-10-28,2015.10.28,2015-10-21,2015.10.21,2015-10-27,2015.10.27," 1,010"
99,비밀,2015-10-15,2015.10.15,2015-10-08,2015.10.08,2015-10-14,2015.10.14," 1,577"
100,약장수,2015-04-23,2015.04.23,2015-04-16,2015.04.16,2015-04-22,2015.04.22, 99
101,타투,2015-12-10,2015.12.10,2015-12-03,2015.12.03,2015-12-09,2015.12.09, 49
102,검은손,2015-04-16,2015.04.16,2015-04-09,2015.04.09,2015-04-15,2015.04.15, 489
103,부산행,2016-07-20,2016.07.20,2016-07-13,2016.07.13,2016-07-19,2016.07.19," 2,823"
104,검사외전,2016-02-03,2016.02.03,2016-01-27,2016.01.27,2016-02-02,2016.02.02," 2,267"
105,밀정,2016-09-07,2016.09.07,2016-08-31,2016.08.31,2016-09-06,2016.09.06," 1,915"
106,터널,2016-08-10,2016.08.10,2016-08-03,2016.08.03,2016-08-09,2016.08.09," 2,369"
107,인천상륙작전,2016-07-27,2016.07.27,2016-07-20,2016.07.20,2016-07-26,2016.07.26," 3,059"
108,럭키,2016-10-13,2016.10.13,2016-10-06,2016.10.06,2016-10-12,2016.10.12," 1,035"
109,곡성,2016-05-12,2016.05.12,2016-05-05,2016.05.05,2016-05-11,2016.05.11," 1,846"
110,덕혜옹주,2016-08-03,2016.08.03,2016-07-27,2016.07.27,2016-08-02,2016.08.02," 2,541"
111,마스터,2016-12-21,2016.12.21,2016-12-14,2016.12.14,2016-12-20,2016.12.20," 2,781"
112,판도라,2016-12-07,2016.12.07,2016-11-30,2016.11.30,2016-12-06,2016.12.06," 1,114"
113,아가씨,2016-06-01,2016.06.01,2016-05-25,2016.05.25,2016-05-31,2016.05.31," 3,485"
114,귀향,2016-02-24,2016.02.24,2016-02-17,2016.02.17,2016-02-23,2016.02.23, 457
115,형,2016-11-23,2016.11.23,2016-11-16,2016.11.16,2016-11-22,2016.11.22," 2,097"
116,아수라,2016-09-28,2016.09.28,2016-09-21,2016.09.21,2016-09-27,2016.09.27," 4,006"
117,굿바이 싱글,2016-06-29,2016.06.29,2016-06-22,2016.06.22,2016-06-28,2016.06.28, 413
118,봉이 김선달,2016-07-06,2016.07.06,2016-06-29,2016.06.29,2016-07-05,2016.07.05," 1,297"
119,탐정 홍길동: 사라진 마을,2016-05-04,2016.05.04,2016-04-27,2016.04.27,2016-05-03,2016.05.03, 789
120,특별수사: 사형수의 편지,2016-06-16,2016.06.16,2016-06-09,2016.06.09,2016-06-15,2016.06.15, 239
121,시간이탈자,2016-04-13,2016.04.13,2016-04-06,2016.04.06,2016-04-12,2016.04.12," 1,426"
122,동주,2016-02-17,2016.02.17,2016-02-10,2016.02.10,2016-02-16,2016.02.16, 798
123,미씽: 사라진 여자,2016-11-30,2016.11.30,2016-11-23,2016.11.23,2016-11-29,2016.11.29, 541
124,"당신, 거기 있어줄래요",2016-12-14,2016.12.14,2016-12-07,2016.12.07,2016-12-13,2016.12.13," 1,249"
125,오빠생각,2016-01-21,2016.01.21,2016-01-14,2016.01.14,2016-01-20,2016.01.20," 1,976"
126,"날, 보러와요",2016-04-07,2016.04.07,2016-03-31,2016.03.31,2016-04-06,2016.04.06," 1,196"
127,"고산자, 대동여지도",2016-09-07,2016.09.07,2016-08-31,2016.08.31,2016-09-06,2016.09.06," 1,538"
128,좋아해줘,2016-02-17,2016.02.17,2016-02-10,2016.02.10,2016-02-16,2016.02.16," 1,772"
129,스플릿,2016-11-09,2016.11.09,2016-11-02,2016.11.02,2016-11-08,2016.11.08, 455
130,국가대표 2,2016-08-10,2016.08.10,2016-08-03,2016.08.03,2016-08-09,2016.08.09, 767
131,그날의 분위기,2016-01-14,2016.01.14,2016-01-07,2016.01.07,2016-01-13,2016.01.13, 720
132,사냥,2016-06-29,2016.06.29,2016-06-22,2016.06.22,2016-06-28,2016.06.28," 1,684"
133,널 기다리며,2016-03-10,2016.03.10,2016-03-03,2016.03.03,2016-03-09,2016.03.09, 428
134,가려진 시간,2016-11-16,2016.11.16,2016-11-09,2016.11.09,2016-11-15,2016.11.15," 1,074"
135,해어화,2016-04-13,2016.04.13,2016-04-06,2016.04.06,2016-04-12,2016.04.12," 1,813"
136,계춘할망,2016-05-19,2016.05.19,2016-05-12,2016.05.12,2016-05-18,2016.05.18, 385
137,"로봇, 소리",2016-01-27,2016.01.27,2016-01-20,2016.01.20,2016-01-26,2016.01.26," 1,697"
138,위대한 소원,2016-04-21,2016.04.21,2016-04-14,2016.04.14,2016-04-20,2016.04.20, 804
139,혼숨,2016-10-26,2016.10.26,2016-10-19,2016.10.19,2016-10-25,2016.10.25, 145
140,비밀은 없다,2016-06-23,2016.06.23,2016-06-16,2016.06.16,2016-06-22,2016.06.22," 1,077"
141,순정,2016-02-24,2016.02.24,2016-02-17,2016.02.17,2016-02-23,2016.02.23," 1,842"
142,남과 여,2016-02-25,2016.02.25,2016-02-18,2016.02.18,2016-02-24,2016.02.24," 1,320"
143,대배우,2016-03-30,2016.03.30,2016-03-23,2016.03.23,2016-03-29,2016.03.29, 717
144,무서운 이야기 3 : 화성에서 온 소녀,2016-06-01,2016.06.01,2016-05-25,2016.05.25,2016-05-31,2016.05.31, 484
145,걷기왕,2016-10-20,2016.10.20,2016-10-13,2016.10.13,2016-10-19,2016.10.19, 658
146,엽기적인 그녀 2,2016-05-12,2016.05.12,2016-05-05,2016.05.05,2016-05-11,2016.05.11, 514
147,번개맨,2016-02-11,2016.02.11,2016-02-04,2016.02.04,2016-02-10,2016.02.10, 65
148,올레,2016-08-25,2016.08.25,2016-08-18,2016.08.18,2016-08-24,2016.08.24," 1,574"
149,두 남자,2016-11-30,2016.11.30,2016-11-23,2016.11.23,2016-11-29,2016.11.29, 330
150,목숨 건 연애,2016-12-14,2016.12.14,2016-12-07,2016.12.07,2016-12-13,2016.12.13," 1,805"
151,트릭,2016-07-13,2016.07.13,2016-07-06,2016.07.06,2016-07-12,2016.07.12," 1,296"
152,대결,2016-09-22,2016.09.22,2016-09-15,2016.09.15,2016-09-21,2016.09.21," 1,040"
153,인천상륙작전 : 익스텐디드 에디션(확장판),2016-09-13,2016.09.13,2016-09-06,2016.09.06,2016-09-12,2016.09.12, 235
154,히야,2016-03-10,2016.03.10,2016-03-03,2016.03.03,2016-03-09,2016.03.09, 948
155,무수단,2016-03-03,2016.03.03,2016-02-25,2016.02.25,2016-03-02,2016.03.02, 928
156,택시운전사,2017-08-02,2017.08.02,2017-07-26,2017.07.26,2017-08-01,2017.08.01," 1,399"
157,신과함께-죄와 벌,2017-12-20,2017.12.20,2017-12-13,2017.12.13,2017-12-19,2017.12.19," 1,293"
158,공조,2017-01-18,2017.01.18,2017-01-11,2017.01.11,2017-01-17,2017.01.17," 2,331"
159,범죄도시,2017-10-03,2017.10.03,2017-09-26,2017.09.26,2017-10-02,2017.10.02, 605
160,군함도,2017-07-26,2017.07.26,2017-07-19,2017.07.19,2017-07-25,2017.07.25," 4,984"
161,청년경찰,2017-08-09,2017.08.09,2017-08-02,2017.08.02,2017-08-08,2017.08.08," 2,520"
162,더 킹,2017-01-18,2017.01.18,2017-01-11,2017.01.11,2017-01-17,2017.01.17," 3,193"
163,꾼,2017-11-22,2017.11.22,2017-11-15,2017.11.15,2017-11-21,2017.11.21," 2,021"
164,강철비,2017-12-14,2017.12.14,2017-12-07,2017.12.07,2017-12-13,2017.12.13," 2,301"
165,남한산성,2017-10-03,2017.10.03,2017-09-26,2017.09.26,2017-10-02,2017.10.02," 1,026"
166,아이 캔 스피크,2017-09-21,2017.09.21,2017-09-14,2017.09.14,2017-09-20,2017.09.20, 855
167,프리즌,2017-03-23,2017.03.23,2017-03-16,2017.03.16,2017-03-22,2017.03.22," 1,178"
168,살인자의 기억법,2017-09-06,2017.09.06,2017-08-30,2017.08.30,2017-09-05,2017.09.05," 1,304"
169,보안관,2017-05-03,2017.05.03,2017-04-26,2017.04.26,2017-05-02,2017.05.02," 1,583"
170,조작된 도시,2017-02-09,2017.02.09,2017-02-02,2017.02.02,2017-02-08,2017.02.08," 1,971"
171,재심,2017-02-15,2017.02.15,2017-02-08,2017.02.08,2017-02-14,2017.02.14, 770
172,박열,2017-06-28,2017.06.28,2017-06-21,2017.06.21,2017-06-27,2017.06.27, 633
173,1987,2017-12-27,2017.12.27,2017-12-20,2017.12.20,2017-12-26,2017.12.26, 950
174,노무현입니다,2017-05-25,2017.05.25,2017-05-18,2017.05.18,2017-05-24,2017.05.24, 422
175,임금님의 사건수첩,2017-04-26,2017.04.26,2017-04-19,2017.04.19,2017-04-25,2017.04.25, 473
176,부라더,2017-11-02,2017.11.02,2017-10-26,2017.10.26,2017-11-01,2017.11.01, 485
177,기억의 밤,2017-11-29,2017.11.29,2017-11-22,2017.11.22,2017-11-28,2017.11.28," 1,310"
178,브이아이피,2017-08-23,2017.08.23,2017-08-16,2017.08.16,2017-08-22,2017.08.22," 1,713"
179,특별시민,2017-04-26,2017.04.26,2017-04-19,2017.04.19,2017-04-25,2017.04.25," 1,826"
180,장산범,2017-08-17,2017.08.17,2017-08-10,2017.08.10,2017-08-16,2017.08.16, 412
181,악녀,2017-06-08,2017.06.08,2017-06-01,2017.06.01,2017-06-07,2017.06.07, 998
182,해빙,2017-03-01,2017.03.01,2017-02-22,2017.02.22,2017-02-28,2017.02.28," 1,340"
183,하루,2017-06-15,2017.06.15,2017-06-08,2017.06.08,2017-06-14,2017.06.14, 657
184,불한당: 나쁜 놈들의 세상,2017-05-17,2017.05.17,2017-05-10,2017.05.10,2017-05-16,2017.05.16," 1,266"
185,대립군,2017-05-31,2017.05.31,2017-05-24,2017.05.24,2017-05-30,2017.05.30," 1,647"
186,아빠는 딸,2017-04-12,2017.04.12,2017-04-05,2017.04.05,2017-04-11,2017.04.11," 1,546"
187,침묵,2017-11-02,2017.11.02,2017-10-26,2017.10.26,2017-11-01,2017.11.01, 740
188,리얼,2017-06-28,2017.06.28,2017-06-21,2017.06.21,2017-06-27,2017.06.27," 3,769"
189,반드시 잡는다,2017-11-29,2017.11.29,2017-11-22,2017.11.22,2017-11-28,2017.11.28, 611
190,원라인,2017-03-29,2017.03.29,2017-03-22,2017.03.22,2017-03-28,2017.03.28," 1,171"
191,보통사람,2017-03-23,2017.03.23,2017-03-16,2017.03.16,2017-03-22,2017.03.22," 1,326"
192,대장 김창수,2017-10-19,2017.10.19,2017-10-12,2017.10.12,2017-10-18,2017.10.18," 1,169"
193,석조저택 살인사건,2017-05-09,2017.05.09,2017-05-02,2017.05.02,2017-05-08,2017.05.08, 622
194,싱글라이더,2017-02-22,2017.02.22,2017-02-15,2017.02.15,2017-02-21,2017.02.21," 2,446"
195,7호실,2017-11-15,2017.11.15,2017-11-08,2017.11.08,2017-11-14,2017.11.14," 1,195"
196,희생부활자,2017-10-12,2017.10.12,2017-10-05,2017.10.05,2017-10-11,2017.10.11, 946
197,미옥,2017-11-09,2017.11.09,2017-11-02,2017.11.02,2017-11-08,2017.11.08, 422
198,어느날,2017-04-05,2017.04.05,2017-03-29,2017.03.29,2017-04-04,2017.04.04," 1,712"
199,채비,2017-11-09,2017.11.09,2017-11-02,2017.11.02,2017-11-08,2017.11.08, 197
200,비정규직 특수요원,2017-03-16,2017.03.16,2017-03-09,2017.03.09,2017-03-15,2017.03.15," 1,362"
201,로마의 휴일,2017-08-30,2017.08.30,2017-08-23,2017.08.23,2017-08-29,2017.08.29," 1,264"
202,시간위의 집,2017-04-05,2017.04.05,2017-03-29,2017.03.29,2017-04-04,2017.04.04, 590
203,루시드 드림,2017-02-22,2017.02.22,2017-02-15,2017.02.15,2017-02-21,2017.02.21," 1,618"
204,"그래, 가족",2017-02-15,2017.02.15,2017-02-08,2017.02.08,2017-02-14,2017.02.14," 1,305"
205,역모-반란의 시대,2017-11-23,2017.11.23,2017-11-16,2017.11.16,2017-11-22,2017.11.22," 1,059"
206,이웃집 스타,2017-09-21,2017.09.21,2017-09-14,2017.09.14,2017-09-20,2017.09.20," 1,166"
207,구세주: 리턴즈,2017-09-14,2017.09.14,2017-09-07,2017.09.07,2017-09-13,2017.09.13, 258
208,신과함께-인과 연,2018-08-01,2018.08.01,2018-07-25,2018.07.25,2018-07-31,2018.07.31," 2,073"
209,안시성,2018-09-19,2018.09.19,2018-09-12,2018.09.12,2018-09-18,2018.09.18," 3,807"
210,완벽한 타인,2018-10-31,2018.10.31,2018-10-24,2018.10.24,2018-10-30,2018.10.30, 965
211,독전,2018-05-22,2018.05.22,2018-05-15,2018.05.15,2018-05-21,2018.05.21," 1,975"
212,공작,2018-08-08,2018.08.08,2018-08-01,2018.08.01,2018-08-07,2018.08.07," 1,567"
213,암수살인,2018-10-03,2018.10.03,2018-09-26,2018.09.26,2018-10-02,2018.10.02," 1,020"
214,마녀,2018-06-27,2018.06.27,2018-06-20,2018.06.20,2018-06-26,2018.06.26, 663
215,탐정: 리턴즈,2018-06-13,2018.06.13,2018-06-06,2018.06.06,2018-06-12,2018.06.12, 351
216,너의 결혼식,2018-08-22,2018.08.22,2018-08-15,2018.08.15,2018-08-21,2018.08.21, 458
217,곤지암,2018-03-28,2018.03.28,2018-03-21,2018.03.21,2018-03-27,2018.03.27, 340
218,지금 만나러 갑니다,2018-03-14,2018.03.14,2018-03-07,2018.03.07,2018-03-13,2018.03.13," 1,880"
219,목격자,2018-08-15,2018.08.15,2018-08-08,2018.08.08,2018-08-14,2018.08.14," 1,472"
220,조선명탐정: 흡혈괴마의 비밀,2018-02-08,2018.02.08,2018-02-01,2018.02.01,2018-02-07,2018.02.07, 458
221,국가부도의 날,2018-11-28,2018.11.28,2018-11-21,2018.11.21,2018-11-27,2018.11.27, 636
222,명당,2018-09-19,2018.09.19,2018-09-12,2018.09.12,2018-09-18,2018.09.18," 1,025"
223,협상,2018-09-19,2018.09.19,2018-09-12,2018.09.12,2018-09-18,2018.09.18," 1,850"
224,창궐,2018-10-25,2018.10.25,2018-10-18,2018.10.18,2018-10-24,2018.10.24," 1,570"
225,성난황소,2018-11-22,2018.11.22,2018-11-15,2018.11.15,2018-11-21,2018.11.21," 1,057"
226,리틀 포레스트,2018-02-28,2018.02.28,2018-02-21,2018.02.21,2018-02-27,2018.02.27," 1,435"
227,골든슬럼버,2018-02-14,2018.02.14,2018-02-07,2018.02.07,2018-02-13,2018.02.13," 1,462"
228,궁합,2018-02-28,2018.02.28,2018-02-21,2018.02.21,2018-02-27,2018.02.27, 956
229,사라진 밤,2018-03-07,2018.03.07,2018-02-28,2018.02.28,2018-03-06,2018.03.06, 851
230,바람 바람 바람,2018-04-05,2018.04.05,2018-03-29,2018.03.29,2018-04-04,2018.04.04, 504
231,챔피언,2018-05-01,2018.05.01,2018-04-24,2018.04.24,2018-04-30,2018.04.30," 1,675"
232,염력,2018-01-31,2018.01.31,2018-01-24,2018.01.24,2018-01-30,2018.01.30," 1,801"
233,인랑,2018-07-25,2018.07.25,2018-07-18,2018.07.18,2018-07-24,2018.07.24," 2,863"
234,레슬러,2018-05-09,2018.05.09,2018-05-02,2018.05.02,2018-05-08,2018.05.08, 898
235,상류사회,2018-08-29,2018.08.29,2018-08-22,2018.08.22,2018-08-28,2018.08.28," 1,283"
236,물괴,2018-09-12,2018.09.12,2018-09-05,2018.09.05,2018-09-11,2018.09.11," 1,435"
237,미쓰백,2018-10-11,2018.10.11,2018-10-04,2018.10.04,2018-10-10,2018.10.10, 800
238,버닝,2018-05-17,2018.05.17,2018-05-10,2018.05.10,2018-05-16,2018.05.16," 3,182"
239,7년의 밤,2018-03-28,2018.03.28,2018-03-21,2018.03.21,2018-03-27,2018.03.27," 1,998"
240,변산,2018-07-04,2018.07.04,2018-06-27,2018.06.27,2018-07-03,2018.07.03, 687
241,동네사람들,2018-11-07,2018.11.07,2018-10-31,2018.10.31,2018-11-06,2018.11.06, 426
242,원더풀 고스트,2018-09-26,2018.09.26,2018-09-19,2018.09.19,2018-09-25,2018.09.25, 275
243,흥부: 글로 세상을 바꾼 자,2018-02-14,2018.02.14,2018-02-07,2018.02.07,2018-02-13,2018.02.13, 87
244,도어락,2018-12-05,2018.12.05,2018-11-28,2018.11.28,2018-12-04,2018.12.04, 409
245,허스토리,2018-06-27,2018.06.27,2018-06-20,2018.06.20,2018-06-26,2018.06.26, 399
246,덕구,2018-04-05,2018.04.05,2018-03-29,2018.03.29,2018-04-04,2018.04.04, 231
247,번 더 스테이지: 더 무비,2018-11-15,2018.11.15,2018-11-08,2018.11.08,2018-11-14,2018.11.14, 185
248,치즈인더트랩,2018-03-14,2018.03.14,2018-03-07,2018.03.07,2018-03-13,2018.03.13," 3,333"
249,속닥속닥,2018-07-13,2018.07.13,2018-07-06,2018.07.06,2018-07-12,2018.07.12, 483
250,나를 기억해,2018-04-19,2018.04.19,2018-04-12,2018.04.12,2018-04-18,2018.04.18," 1,356"
251,독전: 익스텐디드 컷,2018-07-18,2018.07.18,2018-07-11,2018.07.11,2018-07-17,2018.07.17, 20
252,게이트,2018-02-28,2018.02.28,2018-02-21,2018.02.21,2018-02-27,2018.02.27, 276
253,여중생A,2018-06-20,2018.06.20,2018-06-13,2018.06.13,2018-06-19,2018.06.19, 201
254,여곡성,2018-11-08,2018.11.08,2018-11-01,2018.11.01,2018-11-07,2018.11.07, 864
255,번개맨과 신비의 섬,2018-04-05,2018.04.05,2018-03-29,2018.03.29,2018-04-04,2018.04.04, 8
256,머니백,2018-04-12,2018.04.12,2018-04-05,2018.04.05,2018-04-11,2018.04.11, 162
257,데자뷰,2018-05-30,2018.05.30,2018-05-23,2018.05.23,2018-05-29,2018.05.29," 1,068"
258,비밥바룰라,2018-01-24,2018.01.24,2018-01-17,2018.01.17,2018-01-23,2018.01.23, 477
259,배반의 장미,2018-10-18,2018.10.18,2018-10-11,2018.10.11,2018-10-17,2018.10.17, 497
260,해피 투게더,2018-11-15,2018.11.15,2018-11-08,2018.11.08,2018-11-14,2018.11.14, 119
261,번개맨의 비밀,2018-12-06,2018.12.06,2018-11-29,2018.11.29,2018-12-05,2018.12.05, 7
